TapedHandle,DuctTape,Broom,Weapons/TapedHandle,
TapedCurtainRod,DuctTape,CurtainRod,Weapons/TapedCurtainRod,
TapedBlade,DuctTape,KitchenKnife,Weapons/TapedBlade,
TapedBlade,DuctTape,Scissors,Weapons/TapedBlade,
TapedShard,DuctTape,GlassShards,Weapons/TapedShard,
TapedCleaver,DuctTape,Cleaver,Weapons/TapedCleaver,
TapedSurvivalKnife,DuctTape,SurvivalKnife,Weapons/TapedSurvivalKnife,
KatarBlade2,TapedBlade,Scissors,Weapons/KatarBlade2,
KatarBlade2,TapedBlade,KitchenKnife,Weapons/KatarBlade2,
KatarBlade2,TapedBlade,TapedBlade,Weapons/KatarBlade2,
KatarShard2,TapedShard,GlassShards,Weapons/KatarShard2,
KatarShard2,TapedShard,TapedShard,Weapons/KatarShard2,
KatarShard2,TapedShard,GlassBottle,Weapons/KatarShard2,
HellfangKatarBlade,TapedBlade,SurvivalKnife,Weapons/HellfangKatarBlade,
HellfangKatarBlade,KitchenKnife,TapedSurvivalKnife,Weapons/HellfangKatarBlade,
HellfangKatarBlade,Scissors,TapedSurvivalKnife,Weapons/HellfangKatarBlade,
HellfangKatarBlade,TapedBlade,TapedSurvivalKnife,Weapons/HellfangKatarBlade,
HellfangKatarShard,TapedShard,SurvivalKnife,Weapons/HellfangKatarShard,
HellfangKatarShard,GlassShards,TapedSurvivalKnife,Weapons/HellfangKatarShard,
HellfangKatarShard,GlassBottle,TapedSurvivalKnife,Weapons/HellfangKatarShard,
HellfangKatarShard,TapedShard,TapedSurvivalKnife,Weapons/HellfangKatarShard,
KatarBladeShard,TapedShard,KitchenKnife,Weapons/KatarBladeShard,
KatarBladeShard,TapedShard,Scissors,Weapons/KatarBladeShard,
KatarBladeShard,TapedShard,TapedBlade,Weapons/KatarBladeShard,
KatarBladeShard,TapedBlade,GlassShards,Weapons/KatarBladeShard,
KatarBladeShard,TapedBlade,GlassBottle,Weapons/KatarBladeShard,
MakeshiftSpearBlade,TapedBlade,Broom,Weapons/MakeshiftSpearBlade,
MakeshiftSpearBlade,TapedHandle,KitchenKnife,Weapons/MakeshiftSpearBlade,
MakeshiftSpearBlade,TapedHandle,Scissors,Weapons/MakeshiftSpearBlade,
MakeshiftSpearShard,TapedShard,Broom,Weapons/MakeshiftSpearShard,
MakeshiftSpearShard,TapedHandle,GlassShards,Weapons/MakeshiftSpearShard,
MakeshiftSpearShard,TapedHandle,GlassBottle,Weapons/MakeshiftSpearShard,
TapedSpearBlade,TapedHandle,TapedBlade,Weapons/TapedSpearBlade,
TapedSpearBlade,MakeshiftSpearBlade,DuctTape,Weapons/TapedSpearBlade,
TapedSpearShard,TapedHandle,TapedShard,Weapons/TapedSpearShard,
TapedSpearShard,MakeshiftSpearShard,DuctTape,Weapons/TapedSpearShard,
TapedSurvivalSpear,TapedHandle,TapedSurvivalKnife,Weapons/TapedSurvivalSpear,
TapedSurvivalSpear,SurvivalSpear,DuctTape,Weapons/TapedSurvivalSpear,
ImpalerBlade2,TapedSpearBlade,KitchenKnife,Weapons/ImpalerBlade2,
ImpalerBlade2,TapedSpearBlade,Scissors,Weapons/ImpalerBlade2,
ImpalerBlade2,MakeshiftSpearBlade,TapedBlade,Weapons/ImpalerBlade2,
ImpalerBlade2,TapedSpearBlade,TapedBlade,Weapons/ImpalerBlade2,
ImpalerBlade2,TapedHandle,KatarBlade2,Weapons/ImpalerBlade2,
ImpalerShard2,TapedSpearShard,GlassShards,Weapons/ImpalerShard2,
ImpalerShard2,TapedSpearShard,GlassBottle,Weapons/ImpalerShard2,
ImpalerShard2,MakeshiftSpearShard,TapedShard,Weapons/ImpalerShard2,
ImpalerShard2,TapedHandle,KatarShard2,Weapons/ImpalerShard2,
ImpalerBladeShard,MakeshiftSpearBlade,TapedShard,Weapons/ImpalerBladeShard,
ImpalerBladeShard,TapedSpearBlade,GlassShards,Weapons/ImpalerBladeShard,
ImpalerBladeShard,TapedSpearBlade,GlassBottle,Weapons/ImpalerBladeShard,
ImpalerBladeShard,TapedSpearBlade,TapedShard,Weapons/ImpalerBladeShard,
ImpalerBladeShard,TapedSpearShard,KitchenKnife,Weapons/ImpalerBladeShard,
ImpalerBladeShard,TapedSpearShard,Scissors,Weapons/ImpalerBladeShard,
ImpalerBladeShard,TapedSpearShard,TapedBlade,Weapons/ImpalerBladeShard,
ImpalerBladeShard,MakeshiftSpearShard,TapedBlade,Weapons/ImpalerBladeShard,
ImpalerBladeShard,TapedHandle,KatarBladeShard,Weapons/ImpalerBladeShard,
SurvivalSpear,TapedHandle,SurvivalKnife,Weapons/SurvivalSpear,
SurvivalSpear,Broom,TapedSurvivalKnife,Weapons/SurvivalSpear,
HellfangBlade,HellfangKatarBlade,TapedHandle,Weapons/HellfangBlade,
HellfangBlade,TapedSpearBlade,SurvivalKnife,Weapons/HellfangBlade,
HellfangBlade,MakeshiftSpearBlade,TapedSurvivalKnife,Weapons/HellfangBlade,
HellfangBlade,TapedSpearBlade,TapedSurvivalKnife,Weapons/HellfangBlade,
HellfangBlade,SurvivalSpear,TapedBlade,Weapons/HellfangBlade,
HellfangBlade,TapedSurvivalSpear,KitchenKnife,Weapons/HellfangBlade,
HellfangBlade,TapedSurvivalSpear,Scissors,Weapons/HellfangBlade,
HellfangBlade,TapedSurvivalSpear,TapedBlade,Weapons/HellfangBlade,
HellfangShard,HellfangKatarShard,TapedHandle,Weapons/HellfangShard,
HellfangShard,TapedSpearShard,SurvivalKnife,Weapons/HellfangShard,
HellfangShard,TapedSpearShard,TapedSurvivalKnife,Weapons/HellfangShard,
HellfangShard,MakeshiftSpearShard,TapedSurvivalKnife,Weapons/HellfangShard,
HellfangShard,SurvivalSpear,TapedShard,Weapons/HellfangShard,
HellfangShard,TapedSurvivalSpear,GlassShards,Weapons/HellfangShard,
HellfangShard,TapedSurvivalSpear,TapedShard,Weapons/HellfangShard,
LongSpearShard,TapedCurtainRod,GlassShards,Weapons/LongSpearShard,
LongSpearShard,TapedCurtainRod,GlassBottle,Weapons/LongSpearShard,
LongSpearShard,CurtainRod,TapedShard,Weapons/LongSpearShard,
LongSpearBlade,TapedCurtainRod,KitchenKnife,Weapons/LongSpearBlade,
LongSpearBlade,TapedCurtainRod,Scissors,Weapons/LongSpearBlade,
LongSpearBlade,CurtainRod,TapedBlade,Weapons/LongSpearBlade,
TapedLongSpearBlade,TapedCurtainRod,TapedBlade,Weapons/LongSpearBlade,
TapedLongSpearShard,TapedCurtainRod,TapedShard,Weapons/LongSpearShard,
LongSurvivalSpear,TapedCurtainRod,SurvivalKnife,Weapons/LongSurvivalSpear,
LongSurvivalSpear,CurtainRod,TapedSurvivalKnife,Weapons/LongSurvivalSpear,
TapedLongSurvivalSpear,TapedCurtainRod,TapedSurvivalKnife,Weapons/LongSurvivalSpear,
PikeHandleWood,Broom,TapedHandle,Weapons/PikeHandleWood,
PikeHandleWoodTaped,PikeHandleWood,DuctTape,Weapons/PikeHandleWoodTaped,
PikeHandleWoodTaped,TapedHandle,TapedHandle,Weapons/PikeHandleWoodTaped,
PikeShard,PikeHandleWoodTaped,GlassShards,Weapons/PikeShard,
PikeShard,PikeHandleWoodTaped,GlassBottle,Weapons/PikeShard,
PikeShard,PikeHandleWoodTaped,TapedShard,Weapons/PikeShard,
PikeShard,PikeHandleWood,TapedShard,Weapons/PikeShard,
PikeShard,MakeshiftSpearShard,TapedHandle,Weapons/PikeShard,
PikeShard,TapedSpearShard,Broom,Weapons/PikeShard,
PikeBlade,PikeHandleWoodTaped,KitchenKnife,Weapons/PikeBlade,
PikeBlade,PikeHandleWoodTaped,Scissors,Weapons/PikeBlade,
PikeBlade,PikeHandleWoodTaped,TapedBlade,Weapons/PikeBlade,
PikeBlade,PikeHandleWood,TapedBlade,Weapons/PikeBlade,
PikeBlade,MakeshiftSpearBlade,TapedHandle,Weapons/PikeBlade,
PikeBlade,TapedSpearBlade,Broom,Weapons/PikeBlade,
PikeSurvival,PikeHandleWood,TapedSurvivalKnife,Weapons/PikeSurvival,
PikeSurvival,PikeHandleWoodTaped,SurvivalKnife,Weapons/PikeSurvival,
PikeSurvival,SurvivalSpear,TapedHandle,Weapons/PikeSurvival,
PikeSurvival,TapedSurvivalSpear,Broom,Weapons/PikeSurvival,
PikeSurvival,TapedSurvivalSpear,TapedHandle,Weapons/PikeSurvival,
PikeHandleExtended,Broom,TapedCurtainRod,Weapons/PikeHandleExtended,
PikeHandleExtended,TapedHandle,CurtainRod,Weapons/PikeHandleExtended,
PikeHandleExtendedTaped,TapedHandle,TapedCurtainRod,Weapons/PikeHandleExtendedTaped,
PikeHandleExtendedTaped,PikeHandleExtended,DuctTape,Weapons/PikeHandleExtendedTaped,
PikeExtendedBlade,PikeHandleExtended,TapedBlade,Weapons/PikeExtendedBlade,
PikeExtendedBlade,PikeHandleExtendedTaped,KitchenKnife,Weapons/PikeExtendedBlade,
PikeExtendedBlade,PikeHandleExtendedTaped,Scissors,Weapons/PikeExtendedBlade,
PikeExtendedBlade,PikeHandleExtendedTaped,TapedBlade,Weapons/PikeExtendedBlade,
PikeExtendedBlade,LongSpearBlade,TapedHandle,Weapons/PikeExtendedBlade,
PikeExtendedBlade,MakeshiftSpear,TapedCurtainRod,Weapons/PikeExtendedBlade,
PikeExtendedBlade,TapedSpearBlade,CurtainRod,Weapons/PikeExtendedBlade,
PikeExtendedShard,PikeHandleExtended,TapedShard,Weapons/PikeExtendedShard,
PikeExtendedShard,PikeHandleExtendedTaped,GlassShards,Weapons/PikeExtendedShard,
PikeExtendedShard,PikeHandleExtendedTaped,GlassBottle,Weapons/PikeExtendedShard,
PikeExtendedShard,PikeHandleExtendedTaped,TapedShard,Weapons/PikeExtendedShard,
PikeExtendedShard,LongSpearShard,TapedHandle,Weapons/PikeExtendedShard,
PikeExtendedShard,MakeshiftSpearShard,TapedCurtainRod,Weapons/PikeExtendedShard,
PikeExtendedShard,TapedSpearShard,CurtainRod,Weapons/PikeExtendedShard,
PikeExtendedSurvival,PikeHandleExtended,TapedSurvivalKnife,Weapons/PikeExtendedSurvival,
PikeExtendedSurvival,PikeHandleExtendedTaped,TapedSurvivalKnife,Weapons/PikeExtendedSurvival,
PikeExtendedSurvival,PikeHandleExtendedTaped,SurvivalKnife,Weapons/PikeExtendedSurvival,
PikeExtendedSurvival,LongSpearSurvival,TapedCurtainRod,Weapons/PikeExtendedSurvival,
PikeExtendedSurvival,SurvivalSpear,TapedCurtainRod,Weapons/PikeExtendedSurvival,
PikeExtendedSurvival,TapedSurvivalSpear,CurtainRod,Weapons/PikeExtendedSurvival,
PikeHandleTitan,TapedCurtainRod,CurtainRod,Weapons/PikeHandleTitan,
PikeHandleTitanTaped,TapedCurtainRod,TapedCurtainRod,Weapons/PikeHandleTitanTaped,
PikeHandleTitanTaped,PikeHandleTitan,DuctTape,Weapons/PikeHandleTitanTaped,
PikeTitanBlade,PikeHandleTitan,TapedBlade,Weapons/PikeTitanBlade,
PikeTitanBlade,PikeHandleTitanTaped,TapedBlade,Weapons/PikeTitanBlade,
PikeTitanBlade,PikeHandleTitanTaped,KitchenKnife,Weapons/PikeTitanBlade,
PikeTitanBlade,PikeHandleTitanTaped,Scissors,Weapons/PikeTitanBlade,
PikeTitanBlade,LongSpearBlade,TapedCurtainRod,Weapons/PikeTitanBlade,
PikeTitanShard,PikeHandleTitan,TapedShard,Weapons/PikeTitanShard,
PikeTitanShard,PikeHandleTitanTaped,GlassShards,Weapons/PikeTitanShard,
PikeTitanShard,PikeHandleTitanTaped,GlassBottle,Weapons/PikeTitanShard,
PikeTitanShard,PikeHandleTitanTaped,TapedShard,Weapons/PikeTitanShard,
PikeTitanShard,LongSpearShard,TapedCurtainRod,Weapons/PikeTitanShard,
PikeTitanSurvival,PikeHandleTitan,TapedSurvivalKnife,Weapons/PikeTitanSurvival,
PikeTitanSurvival,PikeHandleTitanTaped,SurvivalKnife,Weapons/PikeTitanSurvival,
PikeTitanSurvival,PikeHandleTitanTaped,TapedSurvivalKnife,Weapons/PikeTitanSurvival,
PikeTitanSurvival,LongSurvivalSpear,TapedCurtainRod,Weapons/PikeTitanSurvival,
HomemadeAxe,TapedHandle,Cleaver,Weapons/HomemadeAxe,
HomemadeAxe,Broom,TapedCleaver,Weapons/HomemadeAxe,
HeavyAxe,MetalPipe,TapedCleaver,Weapons/HeavyAxe,
HeavyAxe,TapedPipe,Cleaver,Weapons/HeavyAxe,
HeavyAxe,TapedPipe,TapedCleaver,Weapons/HeavyAxe,
TapedAxe,TapedHandle,TapedCleaver,Weapons/TapedAxe,
TapedAxe,HomemadeAxe,DuctTape,Weapons/TapedAxe,
HalberdBlade,HomemadeAxe,TapedBlade,Weapons/HalberdBlade,
HalberdBlade,TapedAxe,KitchenKnife,Weapons/HalberdBlade,
HalberdBlade,TapedAxe,Scissors,Weapons/HalberdBlade,
HalberdBlade,TapedAxe,TapedBlade,Weapons/HalberdBlade,
HalberdBlade,MakeshiftSpearBlade,TapedCleaver,Weapons/HalberdBlade,
HalberdBlade,TapedSpearBlade,Cleaver,Weapons/HalberdBlade,
HalberdBlade,TapedSpearBlade,TapedCleaver,Weapons/HalberdBlade,
HalberdShard,TapedAxe,GlassShards,Weapons/HalberdShard,
HalberdShard,TapedAxe,GlassBottle,Weapons/HalberdShard,
HalberdShard,HomemadeAxe,TapedShard,Weapons/HalberdShard,
HalberdShard,TapedAxe,TapedShard,Weapons/HalberdShard,
HalberdShard,MakeshiftSpearShard,TapedCleaver,Weapons/HalberdShard,
HalberdShard,TapedSpearShard,Cleaver,Weapons/HalberdShard,
HalberdShard,TapedSpearShard,TapedCleaver,Weapons/HalberdShard,
NailPipe,TapedPipe,Nails,Weapons/NailPipe,
ShardPipe,TapedPipe,GlassShards,Weapons/ShardPipe,
ShardPipe,TapedPipe,GlassBottle,Weapons/ShardPipe,
ShardPipe,TapedShard,MetalPipe,Weapons/ShardPipe,
ShardPipe,TapedShard,TapedPipe,Weapons/ShardPipe,
MetalPipeRag,MetalPipe,Rag,Weapons/MetalPipeRag,
FlammablePipe,MetalPipeRag,GasCan,Weapons/FlammablePipe,
FlammablePipe,MetalPipeRag,LighterFluid,Weapons/FlammablePipe,
FlamingPipe,FlammablePipe,Lighter,Weapons/FlamingPipe,Lighter
FlamingPipe,FlammablePipe,TapedLighter,Weapons/FlamingPipe,TapedLighter
CurtainRodRag,CurtainRod,Rag,Weapons/CurtainRodRag,
FlammableCurtainRod,CurtainRodRag,GasCan,Weapons/FlammableCurtainRod,
FlammableCurtainRod,CurtainRodRag,LighterFluid,Weapons/FlammableCurtainRod,
FireStaff,FlammableCurtainRod,Lighter,Weapons/FireStaff,Lighter
FireStaff,FlammableCurtainRod,TapedLighter,Weapons/FireStaff,TapedLighter
TapedBat,BaseballBat,DuctTape,Weapons/TapedBat,
NailBat,TapedBat,Nails,Weapons/NailBat,
ShardBat,TapedBat,GlassShards,Weapons/ShardBat,
ShardBat,TapedBat,GlassBottle,Weapons/ShardBat,
ShardBat,TapedShard,BaseballBat,Weapons/ShardBat,
ShardBat,TapedShard,TapedBat,Weapons/ShardBat,
FlammableBat,BaseballBat,GasCan,Weapons/FlammableBat,
FlammableBat,BaseballBat,LighterFluid,Weapons/FlammableBat,
FlammableBat,TapedBat,GasCan,Weapons/FlammableBat,
FlammableBat,TapedBat,LighterFluid,Weapons/FlammableBat,
FlamingBat,FlammableBat,Lighter,Weapons/FlamingBat,Lighter
FlamingBat,FlammableBat,TapedLighter,Weapons/FlamingBat,TapedLighter
BattlePick,TapedBat,KitchenKnife,Weapons/BattlePick,
BattlePick,TapedBat,Scissors,Weapons/BattlePick,
BattlePick,BaseballBat,TapedBlade,Weapons/BattlePick,
BattlePick,TapedBat,TapedBlade,Weapons/BattlePick,
DuelistPick,TapedBat,SurvivalKnife,Weapons/DuelistPick,
DuelistPick,TapedBat,TapedSurvivalKnife,Weapons/DuelistPick,
DuelistPick,BaseballBat,TapedSurvivalKnife,Weapons/DuelistPick,
TapedShovel,Shovel,DuctTape,Weapons/TapedShovel,
NailShovel,TapedShovel,Nails,Weapons/NailShovel,
ShardShovel,TapedShovel,GlassShards,Weapons/ShardShovel,
ShardShovel,TapedShovel,TapedShard,Weapons/ShardShovel,
ShardShovel,Shovel,TapedShard,Weapons/ShardShovel,
ShardShovel,TapedShovel,GlassBottle,Weapons/ShardShovel,
TrenchShovel,TapedShovel,KitchenKnife,Weapons/TrenchShovel,
TrenchShovel,TapedShovel,Scissors,Weapons/TrenchShovel,
TrenchShovel,TapedShovel,TapedBlade,Weapons/TrenchShovel,
TrenchShovel,Shovel,TapedBlade,Weapons/TrenchShovel,
Gravedigger,TrenchShovel,TapedBlade,Weapons/Gravedigger,
SpikedBaseball,Nails,Baseball,Throwables/SpikedBaseball,
ShardBaseball,TapedShard,Baseball,Throwables/ShardBaseball,
ShardBaseball,GlassShards,Baseball,Throwables/ShardBaseball,
ShardBaseball,GlassBottle,Baseball,Throwables/ShardBaseball,
CorrosivePlunger,Plunger,Bleach,Weapons/CorrosivePlunger,
TapedPipe,MetalPipe,DuctTape,Weapons/TapedPipe,
TapedBrick,Brick,DuctTape,Items/TapedBrick,
TapedDumbell,Dumbell,DuctTape,Items/TapedDumbell,
PickHead,Brick,TapedBlade,Items/PickHead,
PickHead,TapedBrick,KitchenKnife,Items/PickHead,
PickHead,TapedBrick,Scissors,Items/PickHead,
TapedPickHead,TapedBrick,TapedBlade,Items/TapedPickHead,
SkullshatterHammer,TapedPipe,Brick,Weapons/SkullshatterHammer,
SkullshatterHammer,TapedBrick,MetalPipe,Weapons/SkullshatterHammer,
BonecrusherHammer,TapedDumbell,MetalPipe,Weapons/BonecrusherHammer,
BonecrusherHammer,Dumbell,TapedPipe,Weapons/BonecrusherHammer,
TapedSkullshatterHammer,TapedBrick,TapedPipe,Weapons/TapedSkullshatterHammer,
TapedSkullshatterHammer,SkullshatterHammer,DuctTape,Weapons/TapedSkullshatterHammer,
TapedBonecrusherHammer,TapedDumbell,TapedPipe,Weapons/TapedBonecrusherHammer,
TapedBonecrusherHammer,BonecrusherHammer,DuctTape,Weapons/TapedBonecrusherHammer,
DemolitionHammer,TapedSkullshatterHammer,Brick,Weapons/DemolitionHammer,
DemolitionHammer,SkullshatterHammer,TapedBrick,Weapons/DemolitionHammer,
DemolitionHammer,TapedSkullshatterHammer,TapedBrick,Weapons/DemolitionHammer,
DevastationHammer,BonecrusherHammer,TapedBrick,Weapons/DevastationHammer,
DevastationHammer,TapedBonecrusherHammer,Brick,Weapons/DevastationHammer,
DevastationHammer,TapedBonecrusherHammer,TapedBrick,Weapons/DevastationHammer,
DevastationHammer,SkullshatterHammer,TapedDumbell,Weapons/DevastationHammer,
DevastationHammer,TapedSkullshatterHammer,Dumbell,Weapons/DevastationHammer,
DevastationHammer,TapedSkullshatterHammer,TapedDumbell,Weapons/DevastationHammer,
MegatonHammer,BonecrusherHammer,TapedDumbell,Weapons/MegatonHammer,
MegatonHammer,TapedBonecrusherHammer,Dumbell,Weapons/MegatonHammer,
MegatonHammer,TapedBonecrusherHammer,TapedDumbell,Weapons/MegatonHammer,
BloodbathHammerNails,TapedSkullshatterHammer,Nails,Weapons/BloodbathHammerNails,
BloodbathHammerNails,NailPipe,TapedBrick,Weapons/BloodbathHammerNails,
BloodbathHammerShards,TapedSkullshatterHammer,GlassShards,Weapons/BloodbathHammerShards,
BloodbathHammerShards,TapedSkullshatterHammer,GlassBottle,Weapons/BloodbathHammerShards,
BloodbathHammerShards,SkullshatterHammer,TapedShard,Weapons/BloodbathHammerShards,
BloodbathHammerShards,TapedSkullshatterHammer,TapedShard,Weapons/BloodbathHammerShards,
BloodbathHammerShards,ShardPipe,TapedBrick,Weapons/BloodbathHammerShards,
WarPick,TapedSkullshatterHammer,KitchenKnife,Weapons/WarPick,
WarPick,TapedSkullshatterHammer,Scissors,Weapons/WarPick,
WarPick,SkullshatterHammer,TapedBlade,Weapons/WarPick,
WarPick,TapedPipe,PickHead,Weapons/WarPick,
WarPick,MetalPipe,TapedPickHead,Weapons/WarPick,
SlaughterPick,SkullshatterHammer,TapedSurvivalKnife,Weapons/SlaughterPick,
SlaughterPick,TapedSkullshatterHammer,SurvivalKnife,Weapons/SlaughterPick,
SlaughterPick,TapedSkullshatterHammer,TapedSurvivalKnife,Weapons/SlaughterPick,
TapedGloves,RubberGloves,DuctTape,Items/TapedGloves,
Cestus,TapedGloves,Scissors,Weapons/Cestus,
Cestus,TapedGloves,KitchenKnife,Weapons/Cestus,
Cestus,RubberGloves,TapedBlade,Weapons/Cestus,
Garrador,RubberGloves,TapedSurvivalKnife,Weapons/Garrador,
Garrador,TapedGloves,SurvivalKnife,Weapons/Garrador,
NailFist,TapedGloves,Nails,Weapons/NailFist,
ShardFist,TapedGloves,GlassShards,Weapons/ShardFist,
ShardFist,RubberGloves,TapedShard,Weapons/ShardFist,
ShardFist,TapedGloves,TapedShard,Weapons/ShardFist,
ShardFist,TapedGloves,GlassBottle,Weapons/ShardFist,
WolverineClaw,TapedCestus,KitchenKnife,Weapons/WolverineClaw,
WolverineClaw,TapedCestus,Scissors,Weapons/WolverineClaw,
WolverineClaw,TapedCestus,TapedBlade,Weapons/WolverineClaw,
WolverineClaw,Cestus,TapedBlade,Weapons/WolverineClaw,
WolverineClaw,Cestus,KitchenKnife,Weapons/WolverineClaw,
WolverineClaw,Cestus,Scissors,Weapons/WolverineClaw,
DragonClaw,Cestus,TapedSurvivalKnife,Weapons/DragonClaw,
DragonClaw,Garrador,TapedBlade,Weapons/DragonClaw,
DragonClaw,Garrador,Scissors,Weapons/DragonClaw,
DragonClaw,Garrador,KitchenKnife,Weapons/DragonClaw,
DragonClaw,Cestus,SurvivalKnife,Weapons/DragonClaw,
TapedBlender,Blender,DuctTape,Items/TapedBlender,
Mulcher,TapedBlender,MetalPipe,Weapons/Mulcher,
Mulcher,Blender,TapedPipe,Weapons/Mulcher,
DrillArm,Blender,TapedGloves,Weapons/DrillArm,
DrillArm,TapedBlender,RubberGloves,Weapons/DrillArm,
HeavyBoxTrap,CardboardBox,Blender,Traps/HeavyBoxTrap,
HeavyBoxTrap,CardboardBox,Brick,Traps/HeavyBoxTrap,
HeavyBoxTrap,CardboardBox,TapedBrick,Traps/HeavyBoxTrap,
HeavyBoxTrap,CardboardBox,Dumbell,Traps/HeavyBoxTrap,
HeavyBoxTrap,CardboardBox,TapedDumbell,Traps/HeavyBoxTrap,
NailBoxTrap,CardboardBox,Nails,Traps/NailBoxTrap,
ShardBoxTrap,CardboardBox,GlassShards,Traps/ShardBoxTrap,
ShardBoxTrap,CardboardBox,GlassBottle,Traps/ShardBoxTrap,
MolotovBoxTrapUnlit,CardboardBox,MolotovUnlit,Items/MolotovBoxTrapUnlit,
MolotovBoxTrap,CardboardBox,Molotov,Traps/MolotovBoxTrap,
MolotovBoxTrap,MolotovBoxTrapUnlit,Lighter,Traps/MolotovBoxTrap,Lighter
MolotovBoxTrap,MolotovBoxTrapUnlit,TapedLighter,Traps/MolotovBoxTrap,TapedLighter
SpikeTrapNails,Nails,Doormat,Traps/SpikeTrapNails,
SpikeTrapShards,GlassShards,Doormat,Traps/SpikeTrapShards,
SpikeTrapShards,GlassBottle,Doormat,Traps/SpikeTrapShards,
SpikeTrapShards,TapedShard,Doormat,Traps/SpikeTrapShards,
TapedHairspray,Hairspray,DuctTape,Items/TapedHairspray,
AerosolFlamethrower,Hairspray,TapedLighter,RangedWeapons/AerosolFlamethrower,
AerosolFlamethrower,TapedHairspray,Lighter,RangedWeapons/AerosolFlamethrower,
AerosolFlamethrower,TapedHairspray,TapedLighter,RangedWeapons/AerosolFlamethrower,
TapedLighter,Lighter,DuctTape,Items/TapedLighter,
TapedSuperSoaker,SuperSoaker,DuctTape,Items/TapedSuperSoaker,
TapedSuperSoakerFull,TapedSuperSoaker,LighterFluid,RangedWeapons/TapedSuperSoakerFull,
TapedSuperSoakerFull,TapedSuperSoaker,GasCan,RangedWeapons/TapedSuperSoakerFull,
TapedSuperSoakerFull,SuperSoakerFull,DuctTape,RangedWeapons/TapedSuperSoakerFull,
SuperSoakerFull,SuperSoaker,LighterFluid,RangedWeapons/SuperSoakerFull,
SuperSoakerFull,SuperSoaker,GasCan,RangedWeapons/SuperSoakerFull,
SuperSoakerFlamethrowerEmpty,SuperSoaker,TapedLighter,Items/SuperSoakerFlamethrowerEmpty,
SuperSoakerFlamethrowerEmpty,TapedSuperSoaker,Lighter,Items/SuperSoakerFlamethrowerEmpty,
SuperSoakerFlamethrowerEmpty,TapedSuperSoaker,TapedLighter,Items/SuperSoakerFlamethrowerEmpty,
SuperSoakerFlamethrower,SuperSoakerFull,TapedLighter,RangedWeapons/SuperSoakerFlamethrower,
SuperSoakerFlamethrower,TapedSuperSoakerFull,Lighter,RangedWeapons/SuperSoakerFlamethrower,
SuperSoakerFlamethrower,TapedSuperSoakerFull,TapedLighter,RangedWeapons/SuperSoakerFlamethrower,
SuperSoakerFlamethrower,SuperSoakerFlamethrowerEmpty,GasCan,RangedWeapons/SuperSoakerFlamethrower,
SuperSoakerFlamethrower,SuperSoakerFlamethrowerEmpty,LighterFluid,RangedWeapons/SuperSoakerFlamethrower,
SpicyBlaster,SuperSoaker,ReaperHotSauce,RangedWeapons/SpicyBlaster,
BleachBlaster,SuperSoaker,Bleach,RangedWeapons/BleachBlaster,
TapedSpicyBlaster,SpicyBlaster,DuctTape,RangedWeapons/TapedSpicyBlaster,
TapedBleachBlaster,BleachBlaster,DuctTape,RangedWeapons/TapedBleachBlaster,
TapedSpicyBlaster,TapedSuperSoaker,Bleach,RangedWeapons/TapedSpicyBlaster,
TapedBleachBlaster,TapedSuperSoaker,ReaperHotSauce,RangedWeapons/TapedBleachBlaster,
DelFuego,SquirtGun,ReaperHotSauce,RangedWeapons/DelFuego,
BleachShot,SquirtGun,Bleach,RangedWeapons/BleachShot,
BottleGas,GlassBottle,GasCan,Items/BottleGas,
BottleGas,GlassBottle,LighterFluid,Items/BottleGas,
BottleRag,GlassBottle,Rag,Items/BottleRag,
MolotovUnlit,BottleGas,Rag,Items/MolotovUnlit,
MolotovUnlit,BottleRag,GasCan,Items/MolotovUnlit,
MolotovUnlit,BottleRag,LighterFluid,Items/MolotovUnlit,
Molotov,MolotovUnlit,Lighter,Throwables/Molotov,Lighter
Molotov,MolotovUnlit,TapedLighter,Throwables/Molotov,TapedLighter
BottleBleach,GlassBottle,Bleach,Items/BottleBleach,
BottleVinegar,GlassBottle,Vinegar,Items/BottleVinegar,
ChlorineBomb,BottleBleach,Vinegar,Throwables/ChlorineBomb,
ChlorineBomb,BottleVinegar,Bleach,Throwables/ChlorineBomb,
TapedFirework,Firework,DuctTape,Items/TapedFirework,
TapedRemoteCar,RemoteCar,DuctTape,Traps/TapedRemoteCar,
NailWheels,TapedRemoteCar,Nails,Traps/NailWheels,
ShardWheels,TapedRemoteCar,GlassShards,Traps/ShardWheels,
ShardWheels,TapedRemoteCar,GlassBottle,Traps/ShardWheels,
ShardWheels,RemoteCar,TapedShard,Traps/ShardWheels,
ShardWheels,TapedRemoteCar,TapedShard,Traps/ShardWheels,
BladeWheels,TapedRemoteCar,KitchenKnife,Traps/BladeWheels,
BladeWheels,TapedRemoteCar,Scissors,Traps/BladeWheels,
BladeWheels,RemoteCar,TapedBlade,Traps/BladeWheels,
BladeWheels,TapedRemoteCar,TapedBlade,Traps/BladeWheels,
SurvivalBladeWheels,TapedRemoteCar,SurvivalKnife,Traps/SurvivalBladeWheels,
SurvivalBladeWheels,RemoteCar,TapedSurvivalKnife,Traps/SurvivalBladeWheels,
SurvivalBladeWheels,TapedRemoteCar,TapedSurvivalKnife,Traps/SurvivalBladeWheels,
ReaperWheelsBlade,TapedRemoteCar,MakeshiftSpearBlade,Traps/ReaperWheelsBlade,
ReaperWheelsBlade,RemoteCar,TapedSpearBlade,Traps/ReaperWheelsBlade,
ReaperWheelsBlade,TapedRemoteCar,TapedSpearBlade,Traps/ReaperWheelsBlade,
ReaperWheelsShard,TapedRemoteCar,MakeshiftSpearShard,Traps/ReaperWheelsShard,
ReaperWheelsShard,RemoteCar,TapedSpearShard,Traps/ReaperWheelsShard,
ReaperWheelsShard,TapedRemoteCar,TapedSpearShard,Traps/ReaperWheelsShard,
ReaperWheelsSurvival,RemoteCar,TapedSurvivalSpear,Traps/ReaperWheelsSurvival,
ReaperWheelsSurvival,TapedRemoteCar,SurvivalSpear,Traps/ReaperWheelsSurvival,
ReaperWheelsSurvival,TapedRemoteCar,TapedSurvivalSpear,Traps/ReaperWheelsSurvival,
RemoteCarRag,RemoteCar,Rag,Traps/RemoteCarRag,
RemoteCarRag,TapedRemoteCar,Rag,Traps/RemoteCarRag,
RemoteCarFlammable,RemoteCarRag,GasCan,Traps/RemoteCarFlammable,
RemoteCarFlammable,RemoteCarRag,LighterFluid,Traps/RemoteCarFlammable,
BlazingWheels,RemoteCarFlammable,Lighter,Traps/BlazingWheels,Lighter
BlazingWheels,RemoteCarFlammable,TapedLighter,Traps/BlazingWheels,TapedLighter
BlastWheelsUnlit,TapedRemoteCar,Firework,Traps/BlastWheelsUnlit,
BlastWheelsUnlit,RemoteCar,TapedFirework,Traps/BlastWheelsUnlit,
BlastWheelsUnlit,TapedRemoteCar,TapedFirework,Traps/BlastWheelsUnlit,
BlastWheels,BlastWheelsUnlit,Lighter,Traps/BlastWheels,Lighter
BlastWheels,BlastWheelsUnlit,TapedLighter,Traps/BlastWheels,TapedLighter
UnfinishedCannonLighter,TapedPipe,Lighter,Items/HomemadeCannon/UnfinishedCannonLighter,
UnfinishedCannonLighter,MetalPipe,TapedLighter,Items/HomemadeCannon/UnfinishedCannonLighter,
UnfinishedCannonLighter,TapedPipe,TapedLighter,Items/HomemadeCannon/UnfinishedCannonLighter,
UnfinishedCannonGC,TapedPipe,GasCan,Items/HomemadeCannon/UnfinishedCannonGC,
UnfinishedCannonLF,TapedPipe,LighterFluid,Items/HomemadeCannon/UnfinishedCannonLF,
UnfinishedCannonHS,TapedPipe,Hairspray,Items/HomemadeCannon/UnfinishedCannonHS,
UnfinishedCannonHS,MetalPipe,TapedHairspray,Items/HomemadeCannon/UnfinishedCannonHS,
UnfinishedCannonHS,TapedPipe,TapedHairspray,Items/HomemadeCannon/UnfinishedCannonHS,
HomemadeCannonGC,UnfinishedCannonGC,Lighter,Items/HomemadeCannon/HomemadeCannonGC,
HomemadeCannonGC,UnfinishedCannonGC,TapedLighter,Items/HomemadeCannon/HomemadeCannonGC,
HomemadeCannonGC,UnfinishedCannonLighter,GasCan,Items/HomemadeCannon/HomemadeCannonGC,
HomemadeCannonLF,UnfinishedCannonLF,Lighter,Items/HomemadeCannon/HomemadeCannonLF,
HomemadeCannonLF,UnfinishedCannonLF,TapedLighter,Items/HomemadeCannon/HomemadeCannonLF,
HomemadeCannonLF,UnfinishedCannonLighter,LighterFluid,Items/HomemadeCannon/HomemadeCannonLF,
HomemadeCannonHS,UnfinishedCannonHS,Lighter,Items/HomemadeCannon/HomemadeCannonHS,
HomemadeCannonHS,UnfinishedCannonHS,TapedLighter,Items/HomemadeCannon/HomemadeCannonHS,
HomemadeCannonHS,UnfinishedCannonLighter,Hairspray,Items/HomemadeCannon/HomemadeCannonHS,
HomemadeCannonHS,UnfinishedCannonLighter,TapedHairspray,Items/HomemadeCannon/HomemadeCannonHS,
ShrapnelCannonGCNails,HomemadeCannonGC,Nails,RangedWeapons/HomemadeCannon/ShrapnelCannonGCNails,
ShrapnelCannonGCShards,HomemadeCannonGC,GlassShards,RangedWeapons/HomemadeCannon/ShrapnelCannonGCShards,
ShrapnelCannonGCShards,HomemadeCannonGC,GlassBottle,RangedWeapons/HomemadeCannon/ShrapnelCannonGCShards,
ShrapnelCannonGCShards,HomemadeCannonGC,TapedShard,RangedWeapons/HomemadeCannon/ShrapnelCannonGCShards,
ShrapnelCannonLFNails,HomemadeCannonLF,Nails,RangedWeapons/HomemadeCannon/ShrapnelCannonLFNails,
ShrapnelCannonLFShards,HomemadeCannonLF,GlassShards,RangedWeapons/HomemadeCannon/ShrapnelCannonLFShards,
ShrapnelCannonLFShards,HomemadeCannonLF,GlassBottle,RangedWeapons/HomemadeCannon/ShrapnelCannonLFShards,
ShrapnelCannonLFShards,HomemadeCannonLF,TapedShard,RangedWeapons/HomemadeCannon/ShrapnelCannonLFShards,
ShrapnelCannonHSNails,HomemadeCannonHS,Nails,RangedWeapons/HomemadeCannon/ShrapnelCannonHSNails,
ShrapnelCannonHSShards,HomemadeCannonHS,GlassShards,RangedWeapons/HomemadeCannon/ShrapnelCannonHSShards,
ShrapnelCannonHSShards,HomemadeCannonHS,GlassBottle,RangedWeapons/HomemadeCannon/ShrapnelCannonHSShards,
ShrapnelCannonHSShards,HomemadeCannonHS,TapedShard,RangedWeapons/HomemadeCannon/ShrapnelCannonHSShards,
SpikeCannonGC,HomemadeCannonGC,KitchenKnife,RangedWeapons/HomemadeCannon/SpikeCannonGC,
SpikeCannonGC,HomemadeCannonGC,Scissors,RangedWeapons/HomemadeCannon/SpikeCannonGC,
SpikeCannonGC,HomemadeCannonGC,TapedBlade,RangedWeapons/HomemadeCannon/SpikeCannonGC,
SpikeCannonGC,HomemadeCannonGC,SurvivalKnife,RangedWeapons/HomemadeCannon/SpikeCannonGC,
SpikeCannonGC,HomemadeCannonGC,TapedSurvivalKnife,RangedWeapons/HomemadeCannon/SpikeCannonGC,
SpikeCannonLF,HomemadeCannonLF,KitchenKnife,RangedWeapons/HomemadeCannon/SpikeCannonLF,
SpikeCannonLF,HomemadeCannonLF,Scissors,RangedWeapons/HomemadeCannon/SpikeCannonLF,
SpikeCannonLF,HomemadeCannonLF,TapedBlade,RangedWeapons/HomemadeCannon/SpikeCannonLF,
SpikeCannonLF,HomemadeCannonLF,SurvivalKnife,RangedWeapons/HomemadeCannon/SpikeCannonLF,
SpikeCannonLF,HomemadeCannonLF,TapedSurvivalKnife,RangedWeapons/HomemadeCannon/SpikeCannonLF,
SpikeCannonHS,HomemadeCannonHS,KitchenKnife,RangedWeapons/HomemadeCannon/SpikeCannonHS,
SpikeCannonHS,HomemadeCannonHS,Scissors,RangedWeapons/HomemadeCannon/SpikeCannonHS,
SpikeCannonHS,HomemadeCannonHS,TapedBlade,RangedWeapons/HomemadeCannon/SpikeCannonHS,
SpikeCannonHS,HomemadeCannonHS,SurvivalKnife,RangedWeapons/HomemadeCannon/SpikeCannonHS,
SpikeCannonHS,HomemadeCannonHS,TapedSurvivalKnife,RangedWeapons/HomemadeCannon/SpikeCannonHS,
JavelinCannonGCBlade,HomemadeCannonGC,MakeshiftSpearBlade,RangedWeapons/HomemadeCannon/JavelinCannonGCBlade,
JavelinCannonGCBlade,HomemadeCannonGC,TapedSpearBlade,RangedWeapons/HomemadeCannon/JavelinCannonGCBlade,
JavelinCannonGCBlade,HomemadeCannonGC,SurvivalSpear,RangedWeapons/HomemadeCannon/JavelinCannonGCBlade,
JavelinCannonGCBlade,HomemadeCannonGC,TapedSurvivalSpear,RangedWeapons/HomemadeCannon/JavelinCannonGCBlade,
JavelinCannonGCShard,HomemadeCannonGC,MakeshiftSpearShard,RangedWeapons/HomemadeCannon/JavelinCannonGCShard,
JavelinCannonGCShard,HomemadeCannonGC,TapedSpearShard,RangedWeapons/HomemadeCannon/JavelinCannonGCShard,
JavelinCannonLFBlade,HomemadeCannonLF,MakeshiftSpearBlade,RangedWeapons/HomemadeCannon/JavelinCannonLFBlade,
JavelinCannonLFBlade,HomemadeCannonLF,TapedSpearBlade,RangedWeapons/HomemadeCannon/JavelinCannonLFBlade,
JavelinCannonLFBlade,HomemadeCannonLF,SurvivalSpear,RangedWeapons/HomemadeCannon/JavelinCannonLFBlade,
JavelinCannonLFBlade,HomemadeCannonLF,TapedSurvivalSpear,RangedWeapons/HomemadeCannon/JavelinCannonLFBlade,
JavelinCannonLFShard,HomemadeCannonLF,MakeshiftSpearShard,RangedWeapons/HomemadeCannon/JavelinCannonLFShard,
JavelinCannonLFShard,HomemadeCannonLF,TapedSpearShard,RangedWeapons/HomemadeCannon/JavelinCannonLFShard,
JavelinCannonHSBlade,HomemadeCannonHS,MakeshiftSpearBlade,RangedWeapons/HomemadeCannon/JavelinCannonHSBlade,
JavelinCannonHSBlade,HomemadeCannonHS,TapedSpearBlade,RangedWeapons/HomemadeCannon/JavelinCannonHSBlade,
JavelinCannonHSBlade,HomemadeCannonHS,SurvivalSpear,RangedWeapons/HomemadeCannon/JavelinCannonHSBlade,
JavelinCannonHSBlade,HomemadeCannonHS,TapedSurvivalSpear,RangedWeapons/HomemadeCannon/JavelinCannonHSBlade,
JavelinCannonHSShard,HomemadeCannonHS,MakeshiftSpearShard,RangedWeapons/HomemadeCannon/JavelinCannonHSShard,
JavelinCannonHSShard,HomemadeCannonHS,TapedSpearShard,RangedWeapons/HomemadeCannon/JavelinCannonHSShard,
PlungerCannonGC,HomemadeCannonGC,Plunger,RangedWeapons/HomemadeCannon/PlungerCannonGC,
PlungerCannonGC,HomemadeCannonGC,CorrosivePlunger,RangedWeapons/HomemadeCannon/PlungerCannonGC,
PlungerCannonLF,HomemadeCannonLF,Plunger,RangedWeapons/HomemadeCannon/PlungerCannonLF,
PlungerCannonLF,HomemadeCannonLF,CorrosivePlunger,RangedWeapons/HomemadeCannon/PlungerCannonLF,
PlungerCannonHS,HomemadeCannonHS,Plunger,RangedWeapons/HomemadeCannon/PlungerCannonHS,
PlungerCannonHS,HomemadeCannonHS,CorrosivePlunger,RangedWeapons/HomemadeCannon/PlungerCannonHS,
BoomCannonGC,HomemadeCannonGC,Firework,RangedWeapons/HomemadeCannon/BoomCannonGC,
BoomCannonGC,HomemadeCannonGC,TapedFirework,RangedWeapons/HomemadeCannon/BoomCannonGC,
BoomCannonLF,HomemadeCannonLF,Firework,RangedWeapons/HomemadeCannon/BoomCannonLF,
BoomCannonLF,HomemadeCannonLF,TapedFirework,RangedWeapons/HomemadeCannon/BoomCannonLF,
BoomCannonHS,HomemadeCannonHS,Firework,RangedWeapons/HomemadeCannon/BoomCannonHS,
BoomCannonHS,HomemadeCannonHS,TapedFirework,RangedWeapons/HomemadeCannon/BoomCannonHS,
TapedIndustrialFan,IndustrialFan,DuctTape,Traps/TapedIndustrialFan,
SpinningBladeTrap,IndustrialFan,TapedBlade,Traps/SpinningBladeTrap,
SpinningBladeTrap,TapedIndustrialFan,KitchenKnife,Traps/SpinningBladeTrap,
SpinningBladeTrap,TapedIndustrialFan,Scissors,Traps/SpinningBladeTrap,
DoubleTapedIndustrialFan,TapedIndustrialFan,DuctTape,Traps/DoubleTapedIndustrialFan,
TapedSpinningBladeTrap,SpinningBladeTrap,DuctTape,Traps/TapedSpinningBladeTrap,
TapedSpinningBladeTrap,DoubleTapedIndustrialFan,KitchenKnife,Traps/TapedSpinningBladeTrap,
TapedSpinningBladeTrap,DoubleTapedIndustrialFan,Scissors,Traps/TapedSpinningBladeTrap,
TapedSpinningBladeTrap,TapedIndustrialFan,TapedBlade,Traps/TapedSpinningBladeTrap,
Eviscerator,TapedSpinningBladeTrap,Scissors,Traps/Eviscerator,
Eviscerator,TapedSpinningBladeTrap,KitchenKnife,Traps/Eviscerator,
Eviscerator,SpinningBladeTrap,TapedBlade,Traps/Eviscerator,
Eviscerator,TapedSpinningBladeTrap,TapedBlade,Traps/Eviscerator,
SpinningNailTrap,TapedIndustrialFan,Nails,Traps/SpinningNailTrap,
SpinningShardTrap,TapedIndustrialFan,GlassShards,Traps/SpinningShardTrap,
SpinningShardTrap,TapedIndustrialFan,GlassBottle,Traps/SpinningShardTrap,
SpinningShardTrap,IndustrialFan,TapedShard,Traps/SpinningShardTrap,
SpinningNailTrapTaped,SpinningNailTrap,DuctTape,Traps/SpinningNailTrapTaped,
SpinningNailTrapTaped,DoubleTapedIndustrialFan,Nails,Traps/SpinningNailTrapTaped,
SpinningShardTrapTaped,DoubleTapedIndustrialFan,GlassShards,Traps/SpinningShardTrapTaped,
SpinningShardTrapTaped,DoubleTapedIndustrialFan,GlassBottle,Traps/SpinningShardTrapTaped,
SpinningShardTrapTaped,TapedIndustrialFan,TapedShard,Traps/SpinningShardTrapTaped,
SpinningShardTrapTaped,SpinningShardTrap,DuctTape,Traps/SpinningShardTrapTaped,
HellraiserNail,SpinningNailTrapTaped,Nails,Traps/HellraiserNail,
HellraiserShard,SpinningShardTrapTaped,GlassShards,Traps/HellraiserShard,
HellraiserShard,SpinningShardTrapTaped,GlassBottle,Traps/HellraiserShard,
HellraiserShard,SpinningShardTrapTaped,TapedShard,Traps/HellraiserShard,
HellraiserShard,SpinningShardTrap,TapedShard,Traps/HellraiserShard,
HellraiserNailShard,SpinningNailTrapTaped,GlassShards,Traps/HellraiserNailShard,
HellraiserNailShard,SpinningNailTrapTaped,GlassBottle,Traps/HellraiserNailShard,
HellraiserNailShard,SpinningNailTrapTaped,TapedShard,Traps/HellraiserNailShard,
HellraiserNailShard,SpinningNailTrap,TapedShard,Traps/HellraiserNailShard,
HellraiserNailShard,SpinningShardTrapTaped,Nails,Traps/HellraiserNailShard,
CatherineWheelUnlit,TapedIndustrialFan,Firework,Traps/CatherineWheelUnlit,
CatherineWheelUnlit,IndustrialFan,TapedFirework,Traps/CatherineWheelUnlit,
CatherineWheelUnlit,IndustrialFan,MakeshiftGrenadeUnlit,Traps/CatherineWheelUnlit,
CatherineWheel,CatherineWheelUnlit,Lighter,Traps/CatherineWheel,Lighter
CatherineWheel,CatherineWheelUnlit,TapedLighter,Traps/CatherineWheel,TapedLighter
CatherineWheel,IndustrialFan,MakeshiftGrenade,Traps/CatherineWheel,
TapedCatherineWheelUnlit,CatherineWheelUnlit,DuctTape,Traps/TapedCatherineWheelUnlit,
TapedCatherineWheelUnlit,DoubleTapedIndustrialFan,Firework,Traps/TapedCatherineWheelUnlit,
TapedCatherineWheelUnlit,TapedIndustrialFan,TapedFirework,Traps/TapedCatherineWheelUnlit,
TapedCatherineWheel,TapedCatherineWheelUnlit,Lighter,Traps/TapedCatherineWheel,Lighter
TapedCatherineWheel,TapedCatherineWheelUnlit,TapedLighter,Traps/TapedCatherineWheel,TapedLighter
TapedCatherineWheel,CatherineWheel,DuctTape,Traps/TapedCatherineWheel,
TapedCatherineWheel,TapedIndustrialFan,MakeshiftGrenade,Traps/TapedCatherineWheel,
WheelOfAnnihilationUnlit,TapedCatherineWheel,Firework,Traps/WheelOfAnnihilationUnlit,
WheelOfAnnihilationUnlit,CatherineWheelUnlit,TapedFirework,Traps/WheelOfAnnihilationUnlit,
WheelOfAnnihilationUnlit,CatherineWheelUnlit,MakeshiftGrenadeUnlit,Traps/WheelOfAnnihilationUnlit,
WheelOfAnnihilationUnlit,TapedCatherineWheelUnlit,Firework,Traps/WheelOfAnnihilationUnlit,
WheelOfAnnihilation,WheelOfAnnihilationUnlit,Lighter,Traps/WheelOfAnnihilation,Lighter
WheelOfAnnihilation,WheelOfAnnihilationUnlit,TapedLighter,Traps/WheelOfAnnihilation,TapedLighter
WheelOfAnnihilation,CatherineWheel,TapedFirework,Traps/WheelOfAnnihilation,